CRIM,ZN,INDUS,CHAS,NOX,RM,AGE,DIS,RAD,TAX,PTRATIO,B,LSTAT,y_hat
0.02985,0.0,2.18,0,0.458,6.43,58.7,6.0622,3,222.0,18.7,394.12,5.21,27.493116
0.13158,0.0,10.01,0,0.547,6.176,72.5,2.7301,6,432.0,17.8,393.3,12.04,21.522583
0.17142,0.0,6.91,0,0.448,5.682,33.8,5.1004,3,233.0,17.9,396.9,10.21,28.35319
1.05393,0.0,8.14,0,0.538,5.935,29.3,4.4986,4,307.0,21.0,386.85,6.58,24.582296
15.5757,0.0,18.1,0,0.58,5.926,71.0,2.9084,24,666.0,20.2,368.74,18.13,15.279866
4.54192,0.0,18.1,0,0.77,6.398,88.0,2.5182,24,666.0,20.2,374.56,7.79,17.284283
0.03237,0.0,2.18,0,0.458,6.998,45.8,6.0622,3,222.0,18.7,394.63,2.94,27.792934
67.9208,0.0,18.1,0,0.693,5.683,100.0,1.4254,24,666.0,20.2,384.97,22.98,14.416944
0.06047,0.0,2.46,0,0.488,6.153,68.8,3.2797,3,193.0,17.8,387.11,13.15,27.764757
0.14932,25.0,5.13,0,0.453,5.741,66.2,7.2254,8,284.0,19.7,395.11,13.15,27.848085
0.10793,0.0,8.56,0,0.52,6.195,54.4,2.7778,5,384.0,20.9,393.49,13.0,22.540129
0.18159,0.0,7.38,0,0.493,6.376,54.3,4.5404,5,287.0,19.6,396.9,6.87,24.837294
0.76162,20.0,3.97,0,0.647,5.56,62.8,1.9865,5,264.0,13.0,392.4,10.45,30.294138
1.00245,0.0,8.14,0,0.538,6.674,87.3,4.239,4,307.0,21.0,380.23,11.98,22.831846
0.52014,20.0,3.97,0,0.647,8.398,91.5,2.2885,5,264.0,13.0,386.86,5.91,30.064932
10.233,0.0,18.1,0,0.614,6.185,96.7,2.1705,24,666.0,20.2,379.7,18.03,15.082494
0.67191,0.0,8.14,0,0.538,5.813,90.3,4.682,4,307.0,21.0,376.88,14.81,22.284615
0.14455,12.5,7.87,0,0.524,6.172,96.1,5.9505,5,311.0,15.2,396.9,19.15,26.472267
0.11132,0.0,27.74,0,0.609,5.983,83.5,2.1099,4,711.0,20.1,396.9,13.35,18.419624
0.12802,0.0,8.56,0,0.52,6.474,97.1,2.4329,5,384.0,20.9,395.24,12.27,22.664688
0.08014,0.0,5.96,0,0.499,5.85,41.5,3.9342,5,279.0,19.2,396.9,8.77,25.469534
1.22358,0.0,19.58,0,0.605,6.943,97.4,1.8773,5,403.0,14.7,363.43,4.59,18.022106
3.56868,0.0,18.1,0,0.58,6.437,75.0,2.8965,24,666.0,20.2,393.37,14.36,18.070904
0.13058,0.0,10.01,0,0.547,5.872,73.1,2.4775,6,432.0,17.8,338.63,15.37,16.712809
0.14231,0.0,10.01,0,0.547,6.254,84.2,2.2565,6,432.0,17.8,388.74,10.45,21.06384
0.06664,0.0,4.05,0,0.51,6.546,33.1,3.1323,5,296.0,16.6,390.96,5.33,26.050455
0.08664,45.0,3.44,0,0.437,7.178,26.3,6.4798,5,398.0,15.2,390.49,2.87,34.7787
0.1146,20.0,6.96,0,0.464,6.538,58.7,3.9175,3,223.0,18.6,394.96,7.73,29.980335
2.77974,0.0,19.58,0,0.871,4.903,97.8,1.3459,5,403.0,14.7,396.9,29.29,20.666416
11.1081,0.0,18.1,0,0.668,4.906,100.0,1.1742,24,666.0,20.2,396.9,34.77,13.017646
7.99248,0.0,18.1,0,0.7,5.52,100.0,1.5331,24,666.0,20.2,396.9,24.56,14.970784
8.98296,0.0,18.1,1,0.77,6.212,97.4,2.1222,24,666.0,20.2,377.73,17.6,15.102451
0.06127,40.0,6.41,1,0.447,6.826,27.6,4.8628,4,254.0,17.6,393.45,4.16,32.934715
0.35809,0.0,6.2,1,0.507,6.951,88.5,2.8617,8,307.0,17.4,391.7,9.71,24.2495
6.71772,0.0,18.1,0,0.713,6.749,92.6,2.3236,24,666.0,20.2,0.32,17.44,12.451669
1.62864,0.0,21.89,0,0.624,5.019,100.0,1.4394,4,437.0,21.2,396.9,34.41,18.510628
5.66998,0.0,18.1,1,0.631,6.683,96.8,1.3567,24,666.0,20.2,375.33,3.73,17.582125
0.05789,12.5,6.07,0,0.409,5.878,21.4,6.498,4,345.0,18.9,396.21,8.1,28.053843
3.83684,0.0,18.1,0,0.77,6.251,91.1,2.2955,24,666.0,20.2,350.65,14.19,14.6564045
2.3004,0.0,19.58,0,0.605,6.319,96.1,2.1,5,403.0,14.7,297.09,11.1,11.692125
0.17783,0.0,9.69,0,0.585,5.569,73.5,2.3999,6,391.0,19.2,395.77,15.1,22.16368
13.3598,0.0,18.1,0,0.693,5.887,94.7,1.7821,24,666.0,20.2,396.9,16.35,16.257935
25.0461,0.0,18.1,0,0.693,5.987,100.0,1.5888,24,666.0,20.2,396.9,26.77,13.480452
0.02187,60.0,2.93,0,0.401,6.8,9.9,6.2196,1,265.0,15.6,393.37,5.03,39.1544
0.19073,22.0,5.86,0,0.431,6.718,17.5,7.8265,7,330.0,19.1,393.74,6.56,29.170567
0.26363,0.0,8.56,0,0.52,6.229,91.2,2.5451,5,384.0,20.9,391.23,15.55,22.18654
11.0874,0.0,18.1,0,0.718,6.411,100.0,1.8589,24,666.0,20.2,318.75,15.02,11.671538
2.37934,0.0,19.58,0,0.871,6.13,100.0,1.4191,5,403.0,14.7,172.91,27.8,1.9468634
0.04203,28.0,15.04,0,0.464,6.442,53.6,3.6659,4,270.0,18.2,395.01,8.16,28.248787
1.12658,0.0,19.58,1,0.871,5.012,88.0,1.6102,5,403.0,14.7,343.28,12.12,15.975062
0.62356,0.0,6.2,1,0.507,6.879,77.7,3.2721,8,307.0,17.4,390.39,9.93,24.05691
0.05515,33.0,2.18,0,0.472,7.236,41.1,4.022,7,222.0,18.4,393.68,6.93,32.15192
0.03551,25.0,4.86,0,0.426,6.167,46.7,5.4007,4,281.0,19.0,390.64,7.51,29.173153
0.16439,22.0,5.86,0,0.431,6.433,49.1,7.8265,7,330.0,19.1,374.71,9.52,25.689753
2.924,0.0,19.58,0,0.605,6.101,93.0,2.2834,5,403.0,14.7,240.16,9.81,7.0911746
1.51902,0.0,19.58,1,0.605,8.375,93.9,2.162,5,403.0,14.7,388.45,3.32,20.587666
0.0315,95.0,1.47,0,0.403,6.975,15.3,7.6534,3,402.0,17.0,396.9,4.56,45.343063
0.46296,0.0,6.2,0,0.504,7.412,76.9,3.6715,8,307.0,17.4,376.14,5.25,22.675152
0.07896,0.0,12.83,0,0.437,6.273,6.0,4.2515,5,398.0,18.7,394.92,6.78,26.189384
0.79041,0.0,9.9,0,0.544,6.122,52.8,2.6403,4,304.0,18.4,396.9,5.98,24.737627
4.75237,0.0,18.1,0,0.713,6.525,86.5,2.4358,24,666.0,20.2,50.92,18.13,12.168252
0.36894,22.0,5.86,0,0.431,8.259,8.4,8.9067,7,330.0,19.1,396.9,3.54,31.0281
0.14476,0.0,10.01,0,0.547,5.731,65.2,2.7592,6,432.0,17.8,391.5,13.61,21.567997
0.00906,90.0,2.97,0,0.4,7.088,20.8,7.3073,1,285.0,15.3,394.72,7.85,43.874058
0.09266,34.0,6.09,0,0.433,6.495,18.4,5.4917,7,329.0,16.1,383.61,8.67,30.73252
2.81838,0.0,18.1,0,0.532,5.762,40.3,4.0983,24,666.0,20.2,392.92,10.42,21.164412
3.8497,0.0,18.1,1,0.77,6.395,91.0,2.5052,24,666.0,20.2,391.34,13.27,17.326792
24.8017,0.0,18.1,0,0.693,5.349,96.0,1.7028,24,666.0,20.2,396.9,19.77,14.794512
0.29819,0.0,6.2,0,0.504,7.686,17.0,3.3751,8,307.0,17.4,377.51,3.92,25.90864
0.53412,20.0,3.97,0,0.647,7.52,89.4,2.1398,5,264.0,13.0,388.37,7.26,30.128227
0.51183,0.0,6.2,0,0.507,7.358,71.6,4.148,8,307.0,17.4,390.07,4.73,23.895933
24.3938,0.0,18.1,0,0.7,4.652,100.0,1.4672,24,666.0,20.2,396.9,28.28,13.151732
4.87141,0.0,18.1,0,0.614,6.484,93.6,2.3053,24,666.0,20.2,396.21,18.68,16.52389
0.09744,0.0,5.96,0,0.499,5.841,61.4,3.3779,5,279.0,19.2,377.56,11.41,23.653162
0.04011,80.0,1.52,0,0.404,7.287,34.1,7.309,2,329.0,12.6,396.9,4.08,42.613754
0.54452,0.0,21.89,0,0.624,6.151,97.9,1.6687,4,437.0,21.2,396.9,18.46,18.819399
4.89822,0.0,18.1,0,0.631,4.97,100.0,1.3325,24,666.0,20.2,375.52,3.26,17.373547
0.19657,22.0,5.86,0,0.431,6.226,79.2,8.0555,7,330.0,19.1,376.14,10.15,24.883059
0.03871,52.5,5.32,0,0.405,6.209,31.3,7.3172,6,293.0,16.6,396.9,7.14,34.769733
23.6482,0.0,18.1,0,0.671,6.38,96.2,1.3861,24,666.0,20.2,396.9,23.69,14.316815
0.10328,25.0,5.13,0,0.453,5.927,47.2,6.932,8,284.0,19.7,396.9,9.22,28.147768
0.10084,0.0,10.01,0,0.547,6.715,81.6,2.6775,6,432.0,17.8,395.59,10.16,21.668037
0.05302,0.0,3.41,0,0.489,7.079,63.1,3.4145,2,270.0,17.8,396.06,5.7,27.39389
0.7857,20.0,3.97,0,0.647,7.014,84.6,2.1329,5,264.0,13.0,384.07,14.79,29.541176
0.08829,12.5,7.87,0,0.524,6.012,66.6,5.5605,5,311.0,15.2,395.6,12.43,26.522282
3.47428,0.0,18.1,1,0.718,8.78,82.9,1.9047,24,666.0,20.2,354.55,5.29,17.07895
0.06076,0.0,11.93,0,0.573,6.976,91.0,2.1675,1,273.0,21.0,396.9,5.64,25.354725
0.01301,35.0,1.52,0,0.442,7.241,49.3,7.0379,1,284.0,15.5,394.74,5.49,33.294125
1.34284,0.0,19.58,0,0.605,6.066,100.0,1.7573,5,403.0,14.7,353.89,6.43,17.05208
1.6566,0.0,19.58,0,0.871,6.122,97.3,1.618,5,403.0,14.7,372.8,14.1,18.710768
0.05425,0.0,4.05,0,0.51,6.315,73.4,3.3175,5,296.0,16.6,395.6,6.29,26.047684
7.67202,0.0,18.1,0,0.693,5.747,98.9,1.6334,24,666.0,20.2,393.1,19.92,15.605902
0.08308,0.0,2.46,0,0.488,5.604,89.8,2.9879,3,193.0,17.8,391.0,13.98,28.132732
0.40202,0.0,9.9,0,0.544,6.382,67.2,3.5325,4,304.0,18.4,395.21,10.36,24.33204
0.22489,12.5,7.87,0,0.524,6.377,94.3,6.3467,5,311.0,15.2,392.52,20.45,25.9888
20.0849,0.0,18.1,0,0.7,4.368,91.2,1.4395,24,666.0,20.2,285.83,30.63,10.443776
0.21161,0.0,8.56,0,0.52,6.137,87.4,2.7147,5,384.0,20.9,394.47,13.44,22.488867
0.04462,25.0,4.86,0,0.426,6.619,70.4,5.4007,4,281.0,19.0,395.63,7.22,29.701878
0.17505,0.0,5.96,0,0.499,5.966,30.2,3.8473,5,279.0,19.2,393.43,10.13,26.520966
0.24522,0.0,9.9,0,0.544,5.782,71.7,4.0317,4,304.0,18.4,396.9,15.94,24.222876
1.80028,0.0,19.58,0,0.605,5.877,79.2,2.4259,5,403.0,14.7,227.61,12.14,5.903977
6.39312,0.0,18.1,0,0.584,6.162,97.4,2.206,24,666.0,20.2,302.76,24.1,10.66505
0.05561,70.0,2.24,0,0.4,7.041,10.0,7.8278,5,358.0,14.8,371.58,4.74,38.6303
0.05372,0.0,13.92,0,0.437,6.549,51.0,5.9604,4,289.0,16.0,392.85,7.39,23.397972
0.03768,80.0,1.52,0,0.404,7.274,38.3,7.309,2,329.0,12.6,392.2,6.62,41.83344
9.82349,0.0,18.1,0,0.671,6.794,98.8,1.358,24,666.0,20.2,396.9,21.24,15.579158
2.15505,0.0,19.58,0,0.871,5.628,100.0,1.5166,5,403.0,14.7,169.27,16.65,1.3253373
5.87205,0.0,18.1,0,0.693,6.405,96.0,1.6768,24,666.0,20.2,396.9,19.37,16.25534
2.36862,0.0,19.58,0,0.871,4.926,95.7,1.4608,5,403.0,14.7,391.71,29.53,20.125174
7.36711,0.0,18.1,0,0.679,6.193,78.1,1.9356,24,666.0,20.2,96.73,21.52,12.553934
0.04297,52.5,5.32,0,0.405,6.565,22.9,7.3172,6,293.0,16.6,371.72,9.51,32.971195
0.15038,0.0,25.65,0,0.581,5.856,97.0,1.9444,2,188.0,19.1,370.31,25.41,20.711332
0.20746,0.0,27.74,0,0.609,5.093,98.0,1.8226,4,711.0,20.1,318.43,29.68,14.152256
0.11504,0.0,2.89,0,0.445,6.163,69.6,3.4952,2,276.0,18.0,391.83,11.34,26.778418
4.0974,0.0,19.58,0,0.871,5.468,100.0,1.4118,5,403.0,14.7,396.9,26.42,20.869734
0.09252,30.0,4.93,0,0.428,6.606,42.2,6.1899,6,300.0,16.6,383.78,7.37,29.388193
0.09604,40.0,6.41,0,0.447,6.854,42.8,4.2673,4,254.0,17.6,396.9,2.98,32.88613
0.12083,0.0,2.89,0,0.445,8.069,76.0,3.4952,2,276.0,18.0,396.9,4.21,27.569887
0.01709,90.0,2.02,0,0.41,6.728,36.1,12.1265,5,187.0,17.0,384.46,4.5,41.155437
0.09299,0.0,25.65,0,0.581,5.961,92.9,2.0869,2,188.0,19.1,378.09,17.93,21.572285
0.10008,0.0,2.46,0,0.488,6.563,95.6,2.847,3,193.0,17.8,396.9,5.68,28.971691
0.02177,82.5,2.03,0,0.415,7.61,15.7,6.27,2,348.0,14.7,395.38,3.11,43.580624
0.33983,22.0,5.86,0,0.431,6.108,34.9,8.0555,7,330.0,19.1,390.18,9.16,27.644102
2.37857,0.0,18.1,0,0.583,5.871,41.9,3.724,24,666.0,20.2,370.73,13.34,20.793747
0.03537,34.0,6.09,0,0.433,6.59,40.4,5.4917,7,329.0,16.1,395.75,9.5,30.600977
0.04301,80.0,1.91,0,0.413,5.663,21.9,10.5857,4,334.0,22.0,382.8,8.05,39.33915
51.1358,0.0,18.1,0,0.597,5.757,100.0,1.413,24,666.0,20.2,2.6,10.11,6.1015506
9.91655,0.0,18.1,0,0.693,5.852,77.8,1.5004,24,666.0,20.2,338.16,29.97,14.134911
0.01965,80.0,1.76,0,0.385,6.23,31.5,9.0892,1,241.0,18.2,341.6,12.93,36.459034
0.16902,0.0,25.65,0,0.581,5.986,88.4,1.9929,2,188.0,19.1,385.02,14.81,22.305975
0.05479,33.0,2.18,0,0.472,6.616,58.1,3.37,7,222.0,18.4,393.36,8.93,32.15498
0.6147,0.0,6.2,0,0.507,6.618,80.8,3.2721,8,307.0,17.4,396.9,7.6,24.578129
12.0482,0.0,18.1,0,0.614,5.648,87.6,1.9512,24,666.0,20.2,291.55,14.1,11.431708
0.11425,0.0,13.89,1,0.55,6.373,92.4,3.3633,5,276.0,16.4,393.74,10.5,23.937403
0.88125,0.0,21.89,0,0.624,5.637,94.7,1.9799,4,437.0,21.2,396.9,18.34,18.747822
8.79212,0.0,18.1,0,0.584,5.565,70.6,2.0635,24,666.0,20.2,3.65,17.16,14.160224
0.07886,80.0,4.95,0,0.411,7.148,27.7,5.1167,4,245.0,19.2,396.9,3.56,40.529514
0.05023,35.0,6.06,0,0.4379,5.706,28.4,6.6407,1,304.0,16.9,394.02,12.43,31.95097
88.9762,0.0,18.1,0,0.671,6.968,91.9,1.4165,24,666.0,20.2,396.9,17.21,17.419008
5.82401,0.0,18.1,0,0.532,6.242,64.7,3.4242,24,666.0,20.2,396.9,10.74,19.222113
5.20177,0.0,18.1,1,0.77,6.127,83.4,2.7227,24,666.0,20.2,395.43,11.48,18.128239
0.14103,0.0,13.92,0,0.437,5.79,58.0,6.32,4,289.0,16.0,396.9,15.84,23.479836
0.08199,0.0,13.92,0,0.437,6.009,42.3,5.5027,4,289.0,16.0,396.9,10.4,23.74149
6.53876,0.0,18.1,1,0.631,7.016,97.5,1.2024,24,666.0,20.2,392.05,2.96,18.663448
13.6781,0.0,18.1,0,0.74,5.935,87.9,1.8206,24,666.0,20.2,68.95,34.02,15.305118
0.12329,0.0,10.01,0,0.547,5.913,92.9,2.3534,6,432.0,17.8,394.95,16.21,21.47899
0.0578,0.0,2.46,0,0.488,6.98,58.4,2.829,3,193.0,17.8,396.9,5.04,28.991375
2.63548,0.0,9.9,0,0.544,4.973,37.8,2.5194,4,304.0,18.4,350.45,12.64,20.32432
0.02498,0.0,1.89,0,0.518,6.54,59.7,6.2669,1,422.0,15.9,389.96,8.65,25.844814
0.05083,0.0,5.19,0,0.515,6.316,38.1,6.4584,5,224.0,20.2,389.71,5.68,27.023966
4.83567,0.0,18.1,0,0.583,5.905,53.2,3.1523,24,666.0,20.2,388.22,11.45,19.181818
8.20058,0.0,18.1,0,0.713,5.936,80.3,2.7792,24,666.0,20.2,3.5,16.94,13.293296
0.33147,0.0,6.2,0,0.507,8.247,70.4,3.6519,8,307.0,17.4,378.95,3.95,23.023499
0.3692,0.0,9.9,0,0.544,6.567,87.3,3.6023,4,304.0,18.4,395.69,9.28,24.41632
2.24236,0.0,19.58,0,0.605,5.854,91.8,2.422,5,403.0,14.7,395.11,11.64,20.712303
0.32264,0.0,21.89,0,0.624,5.942,93.5,1.9669,4,437.0,21.2,378.25,16.9,17.02337
0.04666,80.0,1.52,0,0.404,7.107,36.6,7.309,2,329.0,12.6,354.31,8.61,38.61714
0.66351,20.0,3.97,0,0.647,7.333,100.0,1.8946,5,264.0,13.0,383.29,7.79,29.689308
0.57529,0.0,6.2,0,0.507,8.337,73.3,3.8384,8,307.0,17.4,385.91,2.47,23.700111
0.17134,0.0,10.01,0,0.547,5.928,88.2,2.4631,6,432.0,17.8,344.91,15.76,16.806845
0.06899,0.0,25.65,0,0.581,5.87,69.7,2.2577,2,188.0,19.1,389.15,14.37,22.621359
0.07244,60.0,1.69,0,0.411,5.884,18.5,10.7103,4,411.0,18.3,392.33,7.79,37.45777
0.31533,0.0,6.2,0,0.504,8.266,78.3,2.8944,8,307.0,17.4,385.05,4.14,23.727732
20.7162,0.0,18.1,0,0.659,4.138,100.0,1.1781,24,666.0,20.2,370.22,23.34,12.563496
0.06151,0.0,5.19,0,0.515,5.968,58.5,4.8122,5,224.0,20.2,396.9,9.29,26.320553
0.25915,0.0,21.89,0,0.624,5.693,96.0,1.7883,4,437.0,21.2,392.11,17.19,18.316278
0.01096,55.0,2.25,0,0.389,6.453,31.9,7.3073,1,300.0,15.3,394.72,8.23,37.22244
18.0846,0.0,18.1,0,0.679,6.434,100.0,1.8347,24,666.0,20.2,27.25,29.05,13.444593
0.13117,0.0,8.56,0,0.52,6.127,85.2,2.1224,5,384.0,20.9,387.69,14.09,21.93842
18.4982,0.0,18.1,0,0.668,4.138,100.0,1.137,24,666.0,20.2,396.9,37.97,12.222297
7.52601,0.0,18.1,0,0.713,6.417,98.3,2.185,24,666.0,20.2,304.21,19.31,10.403169
0.32982,0.0,21.89,0,0.624,5.822,95.4,2.4699,4,437.0,21.2,388.69,15.03,17.939705
13.5222,0.0,18.1,0,0.631,3.863,100.0,1.5106,24,666.0,20.2,131.42,13.33,8.6158495
0.12269,0.0,6.91,0,0.448,6.069,40.0,5.7209,3,233.0,17.9,389.39,9.55,26.654585
0.17899,0.0,9.69,0,0.585,5.67,28.8,2.7986,6,391.0,19.2,393.29,17.6,23.075104
0.03584,80.0,3.37,0,0.398,6.29,17.8,6.6115,4,337.0,16.1,396.9,4.67,41.779404
0.01501,90.0,1.21,1,0.401,7.923,24.8,5.885,1,198.0,13.6,395.52,3.16,45.167862
0.05735,0.0,4.49,0,0.449,6.63,56.1,4.4377,3,247.0,18.5,392.3,6.53,26.598642
0.1029,30.0,4.93,0,0.428,6.358,52.9,7.0355,6,300.0,16.6,372.75,11.22,27.566734
0.05602,0.0,2.46,0,0.488,7.831,53.6,3.1992,3,193.0,17.8,392.63,4.45,28.608908
15.8603,0.0,18.1,0,0.679,5.896,95.4,1.9096,24,666.0,20.2,7.68,24.39,13.256511
1.42502,0.0,19.58,0,0.871,6.51,100.0,1.7659,5,403.0,14.7,364.31,7.39,18.053406
0.09378,12.5,7.87,0,0.524,5.889,39.0,5.4509,5,311.0,15.2,390.5,15.71,25.964643
0.06417,0.0,5.96,0,0.499,5.933,68.2,3.3603,5,279.0,19.2,396.9,9.68,25.506208
0.77299,0.0,8.14,0,0.538,6.495,94.4,4.4547,4,307.0,21.0,387.94,12.8,23.46724
1.20742,0.0,19.58,0,0.605,5.875,94.6,2.4259,5,403.0,14.7,292.29,14.43,10.991177
3.32105,0.0,19.58,1,0.871,5.403,100.0,1.3216,5,403.0,14.7,396.9,26.82,20.925167
9.59571,0.0,18.1,0,0.693,6.404,100.0,1.639,24,666.0,20.2,376.11,20.31,14.384593
0.02899,40.0,1.25,0,0.429,6.939,34.5,8.7921,1,335.0,19.7,389.85,5.89,33.80917
0.40771,0.0,6.2,1,0.507,6.164,91.3,3.048,8,307.0,17.4,395.24,21.46,24.235205
0.12204,0.0,2.89,0,0.445,6.625,57.8,3.4952,2,276.0,18.0,357.98,6.65,23.754114
0.04337,21.0,5.64,0,0.439,6.115,63.0,6.8147,4,243.0,16.8,393.97,9.43,29.423098
0.11329,30.0,4.93,0,0.428,6.897,54.3,6.3361,6,300.0,16.6,391.25,11.38,29.333122
15.288,0.0,18.1,0,0.671,6.649,93.3,1.3449,24,666.0,20.2,363.02,23.24,13.0765505
9.18702,0.0,18.1,0,0.7,5.536,100.0,1.5804,24,666.0,20.2,396.9,23.6,15.048872
0.06642,0.0,4.05,0,0.51,6.86,74.4,2.9153,5,296.0,16.6,391.27,6.92,25.749283
0.12744,0.0,6.91,0,0.448,6.77,2.9,5.7209,3,233.0,17.9,385.41,4.84,30.800749
22.0511,0.0,18.1,0,0.74,5.818,92.4,1.8662,24,666.0,20.2,391.45,22.11,14.47857
5.29305,0.0,18.1,0,0.7,6.051,82.5,2.1678,24,666.0,20.2,378.38,18.76,15.901156
0.22969,0.0,10.59,0,0.489,6.326,52.5,4.3549,4,277.0,18.6,394.87,10.97,24.420383
0.06129,20.0,3.33,1,0.4429,7.645,49.7,5.2119,5,216.0,14.9,377.07,3.01,29.439138
0.04819,80.0,3.64,0,0.392,6.108,32.0,9.2203,1,315.0,16.4,392.89,6.57,40.83797
10.8342,0.0,18.1,0,0.679,6.782,90.8,1.8195,24,666.0,20.2,21.57,25.79,14.055646
0.06905,0.0,2.18,0,0.458,7.147,54.2,6.0622,3,222.0,18.7,396.9,5.33,27.809855
0.01538,90.0,3.75,0,0.394,7.454,34.2,6.3361,3,244.0,15.9,386.34,3.11,42.175934
8.24809,0.0,18.1,0,0.713,7.393,99.3,2.4527,24,666.0,20.2,375.87,16.74,15.166994
0.14866,0.0,8.56,0,0.52,6.727,79.9,2.7778,5,384.0,20.9,394.76,9.42,22.6297
0.38214,0.0,6.2,0,0.504,8.04,86.5,3.2157,8,307.0,17.4,387.38,3.13,23.902485
10.0623,0.0,18.1,0,0.584,6.833,94.3,2.0882,24,666.0,20.2,81.33,19.69,10.713501
0.14052,0.0,10.59,0,0.489,6.375,32.3,3.9454,4,277.0,18.6,385.81,9.38,24.67071
12.2472,0.0,18.1,0,0.584,5.837,59.7,1.9976,24,666.0,20.2,24.65,15.69,13.90781
2.3139,0.0,19.58,0,0.605,5.88,97.3,2.3887,5,403.0,14.7,348.13,12.03,16.34336
0.08187,0.0,2.89,0,0.445,7.82,36.9,3.4952,2,276.0,18.0,393.53,3.57,27.214775
0.03615,80.0,4.95,0,0.411,6.63,23.4,5.1167,4,245.0,19.2,396.9,4.7,40.599617
0.19802,0.0,10.59,0,0.489,6.182,42.4,3.9454,4,277.0,18.6,393.63,9.47,24.386366
0.17171,25.0,5.13,0,0.453,5.966,93.4,6.8185,8,284.0,19.7,378.08,14.44,26.346977
0.22927,0.0,6.91,0,0.448,6.03,85.5,5.6894,3,233.0,17.9,392.74,18.8,25.912329
1.38799,0.0,8.14,0,0.538,5.95,82.0,3.99,4,307.0,21.0,232.6,27.71,8.745371
0.57834,20.0,3.97,0,0.575,8.297,67.0,2.4216,5,264.0,13.0,384.54,7.44,29.7673
0.24103,0.0,7.38,0,0.493,6.083,43.7,5.4159,5,287.0,19.6,396.9,12.79,24.528353
0.01778,95.0,1.47,0,0.403,7.135,13.9,7.6534,3,402.0,17.0,384.3,4.45,44.39482
5.44114,0.0,18.1,0,0.713,6.655,98.2,2.3552,24,666.0,20.2,355.29,17.73,13.933215
0.95577,0.0,8.14,0,0.538,6.047,88.8,4.4534,4,307.0,21.0,306.38,17.28,15.7424
8.64476,0.0,18.1,0,0.693,6.193,92.6,1.7912,24,666.0,20.2,396.9,15.17,16.908731
0.537,0.0,6.2,0,0.504,5.981,68.1,3.6715,8,307.0,17.4,378.35,11.65,22.622398
0.54011,20.0,3.97,0,0.647,7.203,81.8,2.1121,5,264.0,13.0,392.8,9.59,30.463945
0.0459,52.5,5.32,0,0.405,6.315,45.6,7.3172,6,293.0,16.6,396.9,7.6,34.042126
1.83377,0.0,19.58,1,0.605,7.802,98.2,2.0407,5,403.0,14.7,389.61,1.92,20.726818
9.33889,0.0,18.1,0,0.679,6.38,95.6,1.9682,24,666.0,20.2,60.72,24.08,12.393657
0.2498,0.0,21.89,0,0.624,5.857,98.2,1.6686,4,437.0,21.2,392.04,21.32,18.257454
0.11027,25.0,5.13,0,0.453,6.456,67.8,7.2255,8,284.0,19.7,396.9,6.73,28.210665
0.55778,0.0,21.89,0,0.624,6.335,98.2,2.1107,4,437.0,21.2,394.67,16.96,18.58263
0.32543,0.0,21.89,0,0.624,6.431,98.8,1.8125,4,437.0,21.2,396.9,15.39,18.866735
5.73116,0.0,18.1,0,0.532,7.061,77.0,3.4106,24,666.0,20.2,395.28,7.01,19.214155
0.21124,12.5,7.87,0,0.524,5.631,100.0,6.0821,5,311.0,15.2,386.63,29.93,25.224218
0.30347,0.0,7.38,0,0.493,6.312,28.9,5.4159,5,287.0,19.6,396.9,6.15,26.271227
13.0751,0.0,18.1,0,0.58,5.713,56.7,2.8237,24,666.0,20.2,396.9,14.76,18.409525
0.01951,17.5,1.38,0,0.4161,7.104,59.5,9.2229,3,216.0,18.6,393.24,8.05,29.999836
0.04417,70.0,2.24,0,0.4,6.871,47.4,7.8278,5,358.0,14.8,390.86,6.07,38.26282
0.63796,0.0,8.14,0,0.538,6.096,84.5,4.4619,4,307.0,21.0,380.02,10.26,22.729923
2.44668,0.0,19.58,0,0.871,5.272,94.0,1.7364,5,403.0,14.7,88.63,16.14,5.1327124
0.03359,75.0,2.95,0,0.428,7.024,15.8,5.4011,3,252.0,18.3,395.62,1.98,41.199444
17.8667,0.0,18.1,0,0.671,6.223,100.0,1.3861,24,666.0,20.2,393.74,21.78,14.634206
3.1636,0.0,18.1,0,0.655,5.759,48.2,3.0665,24,666.0,20.2,334.4,14.13,19.332376
11.9511,0.0,18.1,0,0.659,5.608,100.0,1.2852,24,666.0,20.2,332.09,12.13,12.841259
0.0456,0.0,13.89,1,0.55,5.888,56.0,3.1121,5,276.0,16.4,392.8,13.51,23.754822
0.21038,20.0,3.33,0,0.4429,6.812,32.2,4.1007,5,216.0,14.9,396.9,4.85,31.256363
9.39063,0.0,18.1,0,0.74,5.627,93.9,1.8172,24,666.0,20.2,396.9,22.88,15.457221
0.10959,0.0,11.93,0,0.573,6.794,89.3,2.3889,1,273.0,21.0,393.45,6.48,24.963404
0.03041,0.0,5.19,0,0.515,5.895,59.6,5.615,5,224.0,20.2,394.81,10.56,25.949541
0.52058,0.0,6.2,1,0.507,6.631,76.5,4.148,8,307.0,17.4,388.45,9.54,23.700193
0.25199,0.0,10.59,0,0.489,5.783,72.7,4.3549,4,277.0,18.6,389.43,18.06,23.73354
0.21719,0.0,10.59,1,0.489,5.807,53.8,3.6526,4,277.0,18.6,390.94,16.03,24.140718
0.12932,0.0,13.92,0,0.437,6.678,31.1,5.9604,4,289.0,16.0,396.9,6.27,24.81338
6.65492,0.0,18.1,0,0.713,6.317,83.0,2.7344,24,666.0,20.2,396.9,13.99,17.713144
0.21409,22.0,5.86,0,0.431,6.438,8.9,7.3967,7,330.0,19.1,377.07,3.59,28.951588
0.27957,0.0,9.69,0,0.585,5.926,42.6,2.3817,6,391.0,19.2,396.9,13.59,23.046837
7.83932,0.0,18.1,0,0.655,6.209,65.4,2.9634,24,666.0,20.2,396.9,13.22,18.626652
0.1,34.0,6.09,0,0.433,6.982,17.7,5.4917,7,329.0,16.1,390.43,4.86,31.661482
0.06211,40.0,1.25,0,0.429,6.49,44.4,8.7921,1,335.0,19.7,396.9,5.98,33.845474
0.09065,20.0,6.96,1,0.464,5.92,61.5,3.9175,3,223.0,18.6,391.34,13.65,29.579473
0.03445,82.5,2.03,0,0.415,6.162,38.4,6.27,2,348.0,14.7,393.77,7.43,41.847374
1.46336,0.0,19.58,0,0.605,7.489,90.8,1.9709,5,403.0,14.7,374.43,1.73,19.151892
0.15936,0.0,6.91,0,0.448,6.211,6.5,5.7209,3,233.0,17.9,394.46,7.44,31.415035
0.07013,0.0,13.89,0,0.55,6.642,85.1,3.4211,5,276.0,16.4,392.78,9.69,23.753656
14.2362,0.0,18.1,0,0.693,6.343,100.0,1.5741,24,666.0,20.2,396.9,20.32,15.322455
0.09068,45.0,3.44,0,0.437,6.951,21.5,6.4798,5,398.0,15.2,377.68,5.1,33.769024
0.3494,0.0,9.9,0,0.544,5.972,76.7,3.1025,4,304.0,18.4,396.24,9.97,24.480652
0.65665,20.0,3.97,0,0.647,6.842,100.0,2.0107,5,264.0,13.0,391.93,6.9,30.451088
0.13262,0.0,8.56,0,0.52,5.851,96.7,2.1069,5,384.0,20.9,394.05,16.47,22.468836
0.04981,21.0,5.64,0,0.439,5.998,21.4,6.8147,4,243.0,16.8,396.9,8.43,30.709896
8.15174,0.0,18.1,0,0.7,5.39,98.9,1.7281,24,666.0,20.2,396.9,20.85,15.614389
0.02731,0.0,7.07,0,0.469,6.421,78.9,4.9671,2,242.0,17.8,396.9,9.14,26.718245
6.28807,0.0,18.1,0,0.74,6.341,96.4,2.072,24,666.0,20.2,318.01,17.79,11.662869
0.15086,0.0,27.74,0,0.609,5.454,92.7,1.8209,4,711.0,20.1,395.09,18.06,17.025103
0.21977,0.0,6.91,0,0.448,5.602,62.0,6.0877,3,233.0,17.9,396.9,16.2,26.230167
11.8123,0.0,18.1,0,0.718,6.824,76.5,1.794,24,666.0,20.2,48.45,22.74,13.750991
0.04113,25.0,4.86,0,0.426,6.727,33.5,5.4007,4,281.0,19.0,396.9,5.29,30.312803
0.13642,0.0,10.59,0,0.489,5.891,22.3,3.9454,4,277.0,18.6,396.9,10.87,27.210783
1.61282,0.0,8.14,0,0.538,6.096,96.9,3.7598,4,307.0,21.0,248.31,20.34,10.449285
8.49213,0.0,18.1,0,0.584,6.348,86.1,2.0527,24,666.0,20.2,83.45,17.64,10.988815
0.82526,20.0,3.97,0,0.647,7.327,94.5,2.0788,5,264.0,13.0,393.42,11.25,30.535084
37.6619,0.0,18.1,0,0.679,6.202,78.7,1.8629,24,666.0,20.2,18.82,14.52,9.91148
3.69695,0.0,18.1,0,0.718,4.963,91.4,1.7523,24,666.0,20.2,316.03,14.0,12.474981
0.03932,0.0,3.41,0,0.489,6.405,73.9,3.0921,2,270.0,17.8,393.55,8.2,27.113663
0.05497,0.0,5.19,0,0.515,5.985,45.4,4.8122,5,224.0,20.2,396.9,9.74,27.11168
14.3337,0.0,18.1,0,0.614,6.229,88.0,1.9512,24,666.0,20.2,383.32,13.11,16.275143
0.0536,21.0,5.64,0,0.439,6.511,21.1,6.8147,4,243.0,16.8,396.9,5.28,30.83376
0.03113,0.0,4.39,0,0.442,6.014,48.5,8.0136,3,352.0,18.8,385.64,10.53,23.94899
0.55007,20.0,3.97,0,0.647,7.206,91.6,1.9301,5,264.0,13.0,387.89,8.1,30.078896
0.10612,30.0,4.93,0,0.428,6.095,65.1,6.3361,6,300.0,16.6,394.62,12.4,29.565496
0.62976,0.0,8.14,0,0.538,5.949,61.8,4.7075,4,307.0,21.0,396.9,8.26,24.271847
0.25356,0.0,9.9,0,0.544,5.705,77.7,3.945,4,304.0,18.4,396.42,11.5,24.28708
0.0566,0.0,3.41,0,0.489,7.007,86.3,3.4217,2,270.0,17.8,396.9,5.5,27.487507
22.5971,0.0,18.1,0,0.7,5.0,89.5,1.5184,24,666.0,20.2,396.9,31.99,13.302838
0.22188,20.0,6.96,1,0.464,7.691,51.8,4.3665,3,223.0,18.6,390.77,6.58,29.75087
2.01019,0.0,19.58,0,0.605,7.929,96.2,2.0459,5,403.0,14.7,369.3,3.7,18.703108
0.06617,0.0,3.24,0,0.46,5.868,25.8,5.2146,4,430.0,16.9,382.44,9.97,25.602322
0.23912,0.0,9.69,0,0.585,6.019,65.3,2.4091,6,391.0,19.2,396.9,12.92,22.350433
0.97617,0.0,21.89,0,0.624,5.757,98.4,2.346,4,437.0,21.2,262.76,17.31,6.223811
0.07503,33.0,2.18,0,0.472,7.42,71.9,3.0992,7,222.0,18.4,396.9,6.47,32.665504
5.69175,0.0,18.1,0,0.583,6.114,79.8,3.5459,24,666.0,20.2,392.68,14.98,17.503761
0.47547,0.0,9.9,0,0.544,6.113,58.8,4.0019,4,304.0,18.4,396.23,12.73,24.270344
0.12757,30.0,4.93,0,0.428,6.393,7.8,7.0355,6,300.0,16.6,374.71,5.19,30.603907
0.0136,75.0,4.0,0,0.41,5.888,47.6,7.3197,3,469.0,21.1,396.9,14.8,37.967724
4.22239,0.0,18.1,1,0.77,5.803,89.0,1.9047,24,666.0,20.2,353.04,14.64,14.801612
0.08873,21.0,5.64,0,0.439,5.963,45.7,6.8147,4,243.0,16.8,395.56,13.45,29.462631
3.69311,0.0,18.1,0,0.713,6.376,88.4,2.5671,24,666.0,20.2,391.43,14.65,17.214394
0.08447,0.0,4.05,0,0.51,5.859,68.7,2.7019,5,296.0,16.6,393.23,9.64,25.823748
10.6718,0.0,18.1,0,0.74,6.459,94.8,1.9879,24,666.0,20.2,43.06,23.98,12.738479
0.0837,45.0,3.44,0,0.437,7.185,38.9,4.5667,5,398.0,15.2,396.9,5.39,34.675617
0.04527,0.0,11.93,0,0.573,6.12,76.7,2.2875,1,273.0,21.0,396.9,9.08,25.175339
5.82115,0.0,18.1,0,0.713,6.513,89.9,2.8016,24,666.0,20.2,393.82,10.29,17.871271
0.07875,45.0,3.44,0,0.437,6.782,41.1,3.7886,5,398.0,15.2,393.87,6.68,34.245094
2.44953,0.0,19.58,0,0.605,6.402,95.2,2.2625,5,403.0,14.7,330.04,11.32,14.74792
0.15445,25.0,5.13,0,0.453,6.145,29.2,7.8148,8,284.0,19.7,390.68,6.86,28.582468
0.25387,0.0,6.91,0,0.448,5.399,95.3,5.87,3,233.0,17.9,396.9,30.81,25.967949
0.03049,55.0,3.78,0,0.484,6.874,28.1,6.4654,5,370.0,17.6,387.97,4.61,35.60936
0.33045,0.0,6.2,0,0.507,6.086,61.5,3.6519,8,307.0,17.4,376.75,10.88,22.480665
0.08221,22.0,5.86,0,0.431,6.957,6.8,8.9067,7,330.0,19.1,386.09,3.53,30.164694
0.85204,0.0,8.14,0,0.538,5.965,89.2,4.0123,4,307.0,21.0,392.53,13.83,23.908276
0.26938,0.0,9.9,0,0.544,6.266,82.8,3.2628,4,304.0,18.4,393.39,7.9,24.254345
6.80117,0.0,18.1,0,0.713,6.081,84.4,2.7175,24,666.0,20.2,396.9,14.7,17.494366
1.27346,0.0,19.58,1,0.605,6.25,92.6,1.7984,5,403.0,14.7,338.92,5.5,15.788717
0.10469,40.0,6.41,1,0.447,7.267,49.0,4.7872,4,254.0,17.6,389.25,6.05,32.171436
9.96654,0.0,18.1,0,0.74,6.485,100.0,1.9784,24,666.0,20.2,386.73,18.85,15.243009
0.06911,45.0,3.44,0,0.437,6.739,30.8,6.4798,5,398.0,15.2,389.71,4.69,34.30998
16.8118,0.0,18.1,0,0.7,5.277,98.1,1.4261,24,666.0,20.2,396.9,30.81,13.404598
0.08265,0.0,13.92,0,0.437,6.127,18.4,5.5027,4,289.0,16.0,396.9,8.58,26.484646
28.6558,0.0,18.1,0,0.597,5.155,100.0,1.5894,24,666.0,20.2,210.97,20.08,8.539731
0.02543,55.0,3.78,0,0.484,6.696,56.4,5.7321,5,370.0,17.6,396.9,7.18,34.80957
0.61154,20.0,3.97,0,0.647,8.704,86.9,1.801,5,264.0,13.0,389.7,5.12,30.461817
0.49298,0.0,9.9,0,0.544,6.635,82.5,3.3175,4,304.0,18.4,396.9,4.54,24.692259
2.73397,0.0,19.58,0,0.871,5.597,94.9,1.5257,5,403.0,14.7,351.85,21.45,16.656286
0.34006,0.0,21.89,0,0.624,6.458,98.9,2.1185,4,437.0,21.2,395.04,12.6,18.702631
1.49632,0.0,19.58,0,0.871,5.404,100.0,1.5916,5,403.0,14.7,341.6,13.28,15.753774
4.26131,0.0,18.1,0,0.77,6.112,81.3,2.5091,24,666.0,20.2,390.74,12.67,17.783129
0.0686,0.0,2.89,0,0.445,7.416,62.5,3.4952,2,276.0,18.0,396.9,6.19,27.457695
8.26725,0.0,18.1,1,0.668,5.875,89.6,1.1296,24,666.0,20.2,347.88,8.88,15.16542
0.07151,0.0,4.49,0,0.449,6.121,56.8,3.7476,3,247.0,18.5,395.15,8.44,26.903568
7.75223,0.0,18.1,0,0.713,6.301,83.7,2.7831,24,666.0,20.2,272.21,16.23,12.315158
0.04544,0.0,3.24,0,0.46,6.144,32.2,5.8736,4,430.0,16.9,368.57,9.09,24.17358
0.28955,0.0,10.59,0,0.489,5.412,9.8,3.5875,4,277.0,18.6,348.93,29.55,23.609795
3.77498,0.0,18.1,0,0.655,5.952,84.7,2.8715,24,666.0,20.2,22.01,17.15,12.892308
0.07165,0.0,25.65,0,0.581,6.004,84.1,2.1974,2,188.0,19.1,377.67,14.27,21.586946
0.04741,0.0,11.93,0,0.573,6.03,80.8,2.505,1,273.0,21.0,396.9,7.88,25.158451
1.25179,0.0,8.14,0,0.538,5.57,98.1,3.7979,4,307.0,21.0,376.57,21.02,22.310068
0.12579,45.0,3.44,0,0.437,6.556,29.1,4.5667,5,398.0,15.2,382.84,4.56,33.982433
0.15876,0.0,10.81,0,0.413,5.961,17.5,5.2873,4,305.0,19.2,376.94,9.88,24.580687
0.1712,0.0,8.56,0,0.52,5.836,91.9,2.211,5,384.0,20.9,395.67,18.66,22.552738
0.29916,20.0,6.96,0,0.464,5.856,42.1,4.429,3,223.0,18.6,388.65,13.0,29.133549
0.01501,80.0,2.01,0,0.435,6.635,29.7,8.344,4,280.0,17.0,390.94,5.99,40.74405
11.1604,0.0,18.1,0,0.74,6.629,94.6,2.1247,24,666.0,20.2,109.85,23.27,10.927596
0.22876,0.0,8.56,0,0.52,6.405,85.4,2.7147,5,384.0,20.9,70.8,10.63,4.663143
